target_ORPHAcode;target_DiseaseName;target_n_HPO;donor_ORPHAcode;donor_DiseaseName;donor_n_HPO;n_shared_strict_profiles;n_shared_genes;n_shared_entries;n_shared_ECs;n_shared_reactions;shared_genes;shared_entries;shared_ECs;shared_rhea;shared_cofactors;shared_pathways;donor_HPO_IDs;donor_HPO_Labels;pair_class
247198;Progressive cerebello-cerebral atrophy;0;2524;Pontocerebellar hypoplasia type 2;40;1;1;1;1;1;SEPSECS;Q9HD40;2912;RHEA:25041;pyridoxal 5'-phosphate;"aminoacyl-trna biosynthesis;selenocysteinyl-trna(sec) biosynthesis;selenocysteinyl-trna(sec) from l-seryl-trna(sec) (archaeal/eukaryal route): step 2/2";"HP:0000253;HP:0000340;HP:0001250;HP:0001257;HP:0001266;HP:0001270;HP:0001320;HP:0001321;HP:0001999;HP:0002020;HP:0002033;HP:0002079;HP:0002104;HP:0002119;HP:0002123;HP:0002268;HP:0002350;HP:0002360;HP:0002365;HP:0002536;HP:0002719;HP:0003487;HP:0003558;HP:0006850;HP:0006895;HP:0006989;HP:0007598;HP:0007663;HP:0008936;HP:0011171;HP:0011344;HP:0011471;HP:0011968;HP:0012469;HP:0012765;HP:0025190;HP:0031162;HP:0100704;HP:0200049;HP:0200136";"Abnormal cortical gyration;Abnormal facial shape;Apnea;Axial hypotonia;Babinski sign;Bilateral single transverse palmar creases;Bilateral tonic-clonic seizure with generalized onset;Cerebellar cyst;Cerebellar hypoplasia;Cerebellar vermis hypoplasia;Cerebral visual impairment;Choreoathetosis;Dysplastic corpus callosum;Feeding difficulties;Gastroesophageal reflux;Gastrostomy tube feeding in infancy;Generalized myoclonic seizure;Hypoplasia of the brainstem;Hypoplasia of the corpus callosum;Hypoplasia of the ventral pons;Impaired oropharyngeal swallow response;Infantile spasms;Lower limb hypertonia;Motor delay;Oral-pharyngeal dysphagia;Paroxysmal dystonia;Poor suck;Progressive microcephaly;Recurrent infections;Reduced visual acuity;Seizure;Severe global developmental delay;Simple febrile seizures;Sleep abnormality;Sloping forehead;Spasticity;Upper limb hypertonia;Ventriculomegaly;Viral infection-induced rhabdomyolysis;Widened cerebellar subarachnoid space";Class 1 - single-profile shadow pair
254905;Isolated cytochrome C oxidase deficiency;0;104;Leber hereditary optic neuropathy;20;2;2;2;1;1;"MT-CO1;MT-CO3";"P00395;P00414";7119;RHEA:11436;heme;"energy metabolism;oxidative phosphorylation";"HP:0000512;HP:0000529;HP:0000551;HP:0000576;HP:0000603;HP:0000622;HP:0000648;HP:0000649;HP:0001251;HP:0002174;HP:0003198;HP:0004309;HP:0007763;HP:0007924;HP:0009830;HP:0011675;HP:0012841;HP:0020120;HP:0032036;HP:0200125";"Abnormal electroretinogram;Abnormality of visual evoked potentials;Arrhythmia;Ataxia;Blurred vision;Central scotoma;Centrocecal scotoma;Color vision defect;Mitochondrial respiratory chain defects;Myopathy;Optic atrophy;Peripheral neuropathy;Postural tremor;Progressive visual loss;Reduced contrast sensitivity;Retinal nerve fiber edema;Retinal telangiectasia;Retinal vascular tortuosity;Slow decrease in visual acuity;Ventricular preexcitation";Excluded - multi-profile or complex-associated pair
254905;Isolated cytochrome C oxidase deficiency;0;550;MELAS;87;3;3;3;1;1;"MT-CO1;MT-CO2;MT-CO3";"P00395;P00403;P00414";7119;RHEA:11436;heme;"energy metabolism;oxidative phosphorylation";"HP:0000044;HP:0000093;HP:0000097;HP:0000112;HP:0000114;HP:0000407;HP:0000572;HP:0000580;HP:0000590;HP:0000648;HP:0000709;HP:0000716;HP:0000726;HP:0000736;HP:0000739;HP:0000751;HP:0000819;HP:0000821;HP:0000829;HP:0000998;HP:0001045;HP:0001250;HP:0001251;HP:0001263;HP:0001269;HP:0001270;HP:0001274;HP:0001288;HP:0001298;HP:0001324;HP:0001328;HP:0001336;HP:0001345;HP:0001508;HP:0001638;HP:0001639;HP:0001644;HP:0001716;HP:0001903;HP:0001945;HP:0002013;HP:0002014;HP:0002019;HP:0002069;HP:0002076;HP:0002079;HP:0002092;HP:0002120;HP:0002135;HP:0002151;HP:0002331;HP:0002353;HP:0002354;HP:0002381;HP:0002401;HP:0002490;HP:0002579;HP:0002922;HP:0003128;HP:0003198;HP:0003200;HP:0003477;HP:0003546;HP:0004322;HP:0004372;HP:0004389;HP:0005157;HP:0005978;HP:0007067;HP:0007141;HP:0007159;HP:0007302;HP:0007327;HP:0007359;HP:0008316;HP:0009830;HP:0010783;HP:0010794;HP:0011442;HP:0012429;HP:0012444;HP:0012707;HP:0012766;HP:0025268;HP:0031546;HP:0100027;HP:0100651";"Abnormal mitochondria in muscle tissue;Abnormality of central motor function;Agenesis of corpus callosum;Anemia;Anxiety;Aphasia;Aplasia/Hypoplasia of the cerebral white matter;Ataxia;Basal ganglia calcification;Bilateral tonic-clonic seizure;Bipolar affective disorder;Brain atrophy;Cardiac conduction abnormality;Cardiomyopathy;Cerebral cortical atrophy;Concentric hypertrophic cardiomyopathy;Constipation;Dementia;Depression;Diabetes mellitus;Diarrhea;Dilated cardiomyopathy;Distal peripheral sensory neuropathy;EEG abnormality;Elevated brain lactate level by MRS;Encephalopathy;Erythema;Exercise intolerance;Failure to thrive;Fever;Fluctuations in consciousness;Focal segmental glomerulosclerosis;Focal-onset seizure;Gait disturbance;Gastrointestinal dysmotility;Global developmental delay;Hemiparesis;Hypertrichosis;Hypertrophic cardiomyopathy;Hypogonadotropic hypogonadism;Hypoparathyroidism;Hypoplasia of the corpus callosum;Hypothyroidism;Impaired visuospatial constructive cognition;Increased CSF lactate;Increased CSF protein concentration;Increased circulating lactate concentration;Intestinal pseudo-obstruction;Lactic acidosis;Memory impairment;Migraine;Mixed demyelinating and axonal polyneuropathy;Motor delay;Muscle weakness;Myoclonus;Myopathy;Nephropathy;Optic atrophy;Peripheral axonal neuropathy;Peripheral neuropathy;Personality changes;Pigmentary retinopathy;Progressive external ophthalmoplegia;Proteinuria;Proximal tubulopathy;Psychosis;Psychotic mentation;Pulmonary arterial hypertension;Ragged-red muscle fibers;Recurrent pancreatitis;Recurrent paroxysmal headache;Reduced consciousness/confusion;Seizure;Sensorimotor neuropathy;Sensorineural hearing impairment;Short attention span;Short stature;Specific learning disability;Stroke-like episode;Stuttering;Type I diabetes mellitus;Type II diabetes mellitus;Visual loss;Vitiligo;Vomiting;Widened cerebral subarachnoid space;Wolff-Parkinson-White syndrome";Excluded - multi-profile or complex-associated pair
254905;Isolated cytochrome C oxidase deficiency;0;99845;Genetic recurrent myoglobinuria;32;2;2;2;1;1;"MT-CO1;MT-CO3";"P00395;P00414";7119;RHEA:11436;heme;"energy metabolism;oxidative phosphorylation";"HP:0000083;HP:0000467;HP:0001288;HP:0001315;HP:0001324;HP:0001919;HP:0001945;HP:0002153;HP:0002167;HP:0002901;HP:0002905;HP:0002910;HP:0003394;HP:0003554;HP:0003558;HP:0003652;HP:0003738;HP:0005216;HP:0005521;HP:0007340;HP:0008305;HP:0008997;HP:0010969;HP:0011675;HP:0012544;HP:0025435;HP:0030195;HP:0030234;HP:0040319;HP:0045037;HP:0100520;HP:0100614";"Abnormality of glycolipid metabolism;Abnormality of jaw muscles;Abnormality of speech or vocalization;Acute kidney injury;Arrhythmia;Dark urine;Disseminated intravascular coagulation;Elevated circulating aldolase concentration;Elevated circulating hepatic transaminase concentration;Exercise-induced myalgia;Exercise-induced myoglobinuria;Fatigable weakness of swallowing muscles;Fever;Gait disturbance;Highly elevated creatine kinase;Hyperkalemia;Hyperphosphatemia;Hypocalcemia;Impaired mastication;Increased circulating lactate dehydrogenase concentration;Lower limb muscle weakness;Muscle spasm;Muscle weakness;Myositis;Neck muscle weakness;Oliguria;Proximal muscle weakness in upper limbs;Recurrent myoglobinuria;Reduced tendon reflexes;Renal insufficiency;Type 2 muscle fiber atrophy;Viral infection-induced rhabdomyolysis";Excluded - multi-profile or complex-associated pair
293284;Tetrahydrobiopterin-responsive phenylketonuria;0;2209;Maternal phenylketonuria syndrome;32;1;1;1;1;1;PAH;P00439;114161;RHEA:20273;fe(2+);"acetoacetate and fumarate from l-phenylalanine: step 1/6;amino-acid degradation;l-phenylalanine degradation";"HP:0000218;HP:0000252;HP:0000286;HP:0000340;HP:0000343;HP:0000347;HP:0000431;HP:0000463;HP:0000486;HP:0000601;HP:0000752;HP:0001156;HP:0001249;HP:0001250;HP:0001263;HP:0001488;HP:0001511;HP:0001627;HP:0001629;HP:0001636;HP:0001680;HP:0001719;HP:0001999;HP:0002032;HP:0002079;HP:0002836;HP:0004383;HP:0004411;HP:0008589;HP:0009611;HP:0012210;HP:0030084";"Abnormal facial shape;Abnormal heart morphology;Abnormal renal morphology;Anteverted nares;Bifid distal phalanx of the thumb;Bilateral ptosis;Bladder exstrophy;Brachydactyly;Clinodactyly;Coarctation of aorta;Deviated nasal septum;Double outlet right ventricle;Epicanthus;Esophageal atresia;Global developmental delay;High palate;Hyperactivity;Hypoplasia of the corpus callosum;Hypoplastic helices;Hypoplastic left heart;Hypotelorism;Intellectual disability;Intrauterine growth retardation;Long philtrum;Microcephaly;Micrognathia;Seizure;Sloping forehead;Strabismus;Tetralogy of Fallot;Ventricular septal defect;Wide nasal bridge";Class 1 - single-profile shadow pair
369920;Pontocerebellar hypoplasia type 9;0;401805;Autosomal recessive spastic paraplegia type 63;9;1;1;1;1;1;AMPD2;Q01433;3546;RHEA:14777;zn(2+);"imp biosynthesis via salvage pathway;imp from amp: step 1/1;purine metabolism";"HP:0001257;HP:0001276;HP:0001347;HP:0002194;HP:0002518;HP:0003202;HP:0004322;HP:0004325;HP:0012407";"Abnormal periventricular white matter morphology;Decreased body weight;Delayed gross motor development;Hyperreflexia;Hypertonia;Scissor gait;Short stature;Skeletal muscle atrophy;Spasticity";Class 1 - single-profile shadow pair
583602;Neu-Laxova syndrome due to phosphoserine aminotransferase deficiency;0;284417;Phosphoserine aminotransferase deficiency, infantile/juvenile form;40;1;1;1;1;1;PSAT1;Q9Y617;26152;RHEA:14329;pyridoxal 5'-phosphate;"amino-acid biosynthesis;l-serine biosynthesis;l-serine from 3-phospho-d-glycerate: step 2/3";"HP:0000316;HP:0000340;HP:0000347;HP:0000470;HP:0000474;HP:0001250;HP:0001276;HP:0001285;HP:0001320;HP:0001336;HP:0001339;HP:0001347;HP:0001363;HP:0001511;HP:0001531;HP:0001776;HP:0002079;HP:0002154;HP:0002392;HP:0003121;HP:0005280;HP:0006380;HP:0006466;HP:0006956;HP:0007704;HP:0008064;HP:0008872;HP:0008936;HP:0009879;HP:0011097;HP:0011196;HP:0011451;HP:0011471;HP:0012279;HP:0012430;HP:0012448;HP:0012736;HP:0030215;HP:0040288;HP:0200048";"Ankle flexion contracture;Axial hypotonia;Bilateral talipes equinovarus;Cerebellar vermis hypoplasia;Cerebral white matter hypoplasia;Congenital microcephaly;Craniosynostosis;Cyanotic episode;Delayed myelination;Depressed nasal bridge;Dilation of lateral ventricles;EEG with focal sharp waves;EEG with polyspike wave complexes;Epileptic spasm;Failure to thrive in infancy;Feeding difficulties in infancy;Gastrostomy tube feeding in infancy;Hyperglycinemia;Hyperreflexia;Hypertelorism;Hypertonia;Hypoplasia of the corpus callosum;Hyposerinemia;Ichthyosis;Inappropriate crying;Intrauterine growth retardation;Knee flexion contracture;Limb joint contracture;Lissencephaly;Micrognathia;Myoclonus;Nasogastric tube feeding;Paroxysmal involuntary eye movements;Profound global developmental delay;Seizure;Short neck;Simplified gyral pattern;Sloping forehead;Spastic tetraparesis;Thickened nuchal skin fold";Class 1 - single-profile shadow pair
642099;Spondyloepimetaphyseal dysplasia with joint laxity, Beighton type;0;536467;B3GALT6-related spondylodysplastic Ehlers-Danlos syndrome;83;1;1;1;1;1;B3GALT6;Q96L58;241134;RHEA:11780;mn(2+);"chondroitin sulfate biosynthesis;glycan metabolism;heparan sulfate biosynthesis";"HP:0000218;HP:0000238;HP:0000343;HP:0000347;HP:0000358;HP:0000369;HP:0000410;HP:0000463;HP:0000473;HP:0000482;HP:0000501;HP:0000520;HP:0000545;HP:0000592;HP:0000670;HP:0000691;HP:0000703;HP:0000750;HP:0000767;HP:0000768;HP:0000926;HP:0000938;HP:0000939;HP:0000946;HP:0000963;HP:0000974;HP:0000978;HP:0001027;HP:0001075;HP:0001166;HP:0001181;HP:0001250;HP:0001252;HP:0001270;HP:0001297;HP:0001319;HP:0001357;HP:0001363;HP:0001382;HP:0001385;HP:0001562;HP:0001634;HP:0001762;HP:0001822;HP:0002007;HP:0002089;HP:0002091;HP:0002093;HP:0002098;HP:0002616;HP:0002650;HP:0002651;HP:0002751;HP:0002757;HP:0002779;HP:0002828;HP:0002974;HP:0003016;HP:0003196;HP:0003300;HP:0003414;HP:0004568;HP:0004970;HP:0004993;HP:0005008;HP:0005280;HP:0005678;HP:0006243;HP:0006487;HP:0006522;HP:0008453;HP:0008807;HP:0008897;HP:0009726;HP:0010575;HP:0010646;HP:0010648;HP:0011800;HP:0012095;HP:0012366;HP:0012727;HP:0100750;HP:0500087";"Acetabular dysplasia;Adducted thumb;Anterior atlanto-occipital dislocation;Anteverted nares;Aortic root aneurysm;Arachnodactyly;Ascending tubular aorta aneurysm;Atelectasis;Atlantoaxial dislocation;Atrophic scars;Basilar invagination;Beaking of vertebral bodies;Blue sclerae;Bowing of the long bones;Bruising susceptibility;Carious teeth;Cervical spine instability;Congenital kyphoscoliosis;Craniosynostosis;Delayed speech and language development;Dentinogenesis imperfecta;Depressed nasal bridge;Dermal translucency;Dysplasia of the femoral head;Frontal bossing;Glaucoma;Hallux valgus;High palate;Hip dysplasia;Hydrocephalus;Hyperextensible skin;Hypoplastic ilia;Hypotonia;Joint hypermobility;Kyphoscoliosis;Large joint dislocations;Long philtrum;Low-set ears;Metaphyseal widening;Microcornea;Microdontia;Micrognathia;Midface retrusion;Mitral valve prolapse;Mixed hearing impairment;Motor delay;Multiple joint contractures;Multiple joint dislocation;Myopia;Neonatal hypotonia;Oligohydramnios;Osteopenia;Osteoporosis;Ovoid vertebral bodies;Pectus carinatum;Pectus excavatum;Peripapillary atrophy;Phalangeal dislocation;Plagiocephaly;Platyspondyly;Posteriorly rotated ears;Postnatal growth retardation;Proptosis;Pulmonary hypoplasia;Radioulnar synostosis;Recurrent fractures;Renal neoplasm;Repeated pneumothoraces;Respiratory distress;Respiratory insufficiency;Restrictive ventilatory defect;Scoliosis;Seizure;Short nose;Slender long bones with narrow diaphyses;Soft, doughy skin;Spondyloepimetaphyseal dysplasia;Stroke;Talipes equinovarus;Thin skin;Thoracic aortic aneurysm;Torticollis;Tracheomalacia";Class 1 - single-profile shadow pair
647772;Isolated primary pigmented nodular adrenocortical disease;0;1359;Carney complex;64;2;1;1;1;1;PDE11A;Q9HCR9;31453;RHEA:25277;"a divalent metal cation;zn(2+)";"3',5'-cyclic amp degradation;amp from 3',5'-cyclic amp: step 1/1;purine metabolism";"HP:0000008;HP:0000053;HP:0000098;HP:0000138;HP:0000199;HP:0000708;HP:0000771;HP:0000798;HP:0000822;HP:0000826;HP:0000845;HP:0000866;HP:0000870;HP:0000978;HP:0001003;HP:0001007;HP:0001065;HP:0001074;HP:0001297;HP:0001324;HP:0001402;HP:0001507;HP:0001580;HP:0001635;HP:0001907;HP:0002890;HP:0002894;HP:0002895;HP:0003118;HP:0004324;HP:0004944;HP:0005585;HP:0006731;HP:0006753;HP:0007565;HP:0010619;HP:0010732;HP:0010785;HP:0010788;HP:0011672;HP:0011760;HP:0012041;HP:0012206;HP:0012743;HP:0012887;HP:0025274;HP:0025318;HP:0025383;HP:0025451;HP:0030038;HP:0030072;HP:0030075;HP:0030269;HP:0030428;HP:0100008;HP:0100013;HP:0100618;HP:0100619;HP:0100638;HP:0100737;HP:0100743;HP:0100751;HP:0100814;HP:0500011";"Abdominal obesity;Abnormal hard palate morphology;Abnormal morphology of female internal genitalia;Abnormal sperm motility;Atypical behavior;Atypical nevi in non-sun exposed areas;Blue nevus;Bruising susceptibility;Cardiac myxoma;Congestive heart failure;Cutaneous myxoma;Decreased fertility in males;Dilatation of the cerebral artery;Dorsocervical fat pad;Ductal carcinoma in situ;Elevated circulating growth hormone concentration;Enchondroma;Esophageal neoplasm;Euthyroid multinodular goiter;Fibroadenoma of the breast;Follicular thyroid carcinoma;Gonadal neoplasm;Growth abnormality;Gynecomastia;Hepatocellular carcinoma;Hirsutism;Hypertension;Increased body weight;Increased circulating cortisol level;Increased circulating insulin-like growth factor 1 concentration;Increased circulating prolactin concentration;Leydig cell neoplasia;Macroorchidism;Moon facies;Multiple cafe-au-lait spots;Multiple lentigines;Muscle weakness;Neoplasm of the breast;Neoplasm of the pancreas;Neoplasm of the pharynx;Neoplasm of the rectum;Neoplasm of the stomach;Nodular changes affecting the eyelids;Oligozoospermia;Ovarian carcinoma;Ovarian cyst;Ovarian dermoid cyst;Ovarian serous cystadenoma;Papillary thyroid carcinoma;Paranasal sinus neoplasm;Pigmented micronodular adrenocortical disease;Pituitary growth hormone cell adenoma;Precocious puberty;Schwannoma;Sertoli cell neoplasm;Spotty hyperpigmentation;Striae distensae;Stroke;Tall stature;Testicular adrenal rest tumor;Testicular neoplasm;Thromboembolism;Thyroid carcinoma;Tongue nodules";Excluded - multi-profile or complex-associated pair
647782;Isolated micronodular adrenocortical disease;0;1359;Carney complex;64;2;1;1;1;1;PDE11A;Q9HCR9;31453;RHEA:25277;"a divalent metal cation;zn(2+)";"3',5'-cyclic amp degradation;amp from 3',5'-cyclic amp: step 1/1;purine metabolism";"HP:0000008;HP:0000053;HP:0000098;HP:0000138;HP:0000199;HP:0000708;HP:0000771;HP:0000798;HP:0000822;HP:0000826;HP:0000845;HP:0000866;HP:0000870;HP:0000978;HP:0001003;HP:0001007;HP:0001065;HP:0001074;HP:0001297;HP:0001324;HP:0001402;HP:0001507;HP:0001580;HP:0001635;HP:0001907;HP:0002890;HP:0002894;HP:0002895;HP:0003118;HP:0004324;HP:0004944;HP:0005585;HP:0006731;HP:0006753;HP:0007565;HP:0010619;HP:0010732;HP:0010785;HP:0010788;HP:0011672;HP:0011760;HP:0012041;HP:0012206;HP:0012743;HP:0012887;HP:0025274;HP:0025318;HP:0025383;HP:0025451;HP:0030038;HP:0030072;HP:0030075;HP:0030269;HP:0030428;HP:0100008;HP:0100013;HP:0100618;HP:0100619;HP:0100638;HP:0100737;HP:0100743;HP:0100751;HP:0100814;HP:0500011";"Abdominal obesity;Abnormal hard palate morphology;Abnormal morphology of female internal genitalia;Abnormal sperm motility;Atypical behavior;Atypical nevi in non-sun exposed areas;Blue nevus;Bruising susceptibility;Cardiac myxoma;Congestive heart failure;Cutaneous myxoma;Decreased fertility in males;Dilatation of the cerebral artery;Dorsocervical fat pad;Ductal carcinoma in situ;Elevated circulating growth hormone concentration;Enchondroma;Esophageal neoplasm;Euthyroid multinodular goiter;Fibroadenoma of the breast;Follicular thyroid carcinoma;Gonadal neoplasm;Growth abnormality;Gynecomastia;Hepatocellular carcinoma;Hirsutism;Hypertension;Increased body weight;Increased circulating cortisol level;Increased circulating insulin-like growth factor 1 concentration;Increased circulating prolactin concentration;Leydig cell neoplasia;Macroorchidism;Moon facies;Multiple cafe-au-lait spots;Multiple lentigines;Muscle weakness;Neoplasm of the breast;Neoplasm of the pancreas;Neoplasm of the pharynx;Neoplasm of the rectum;Neoplasm of the stomach;Nodular changes affecting the eyelids;Oligozoospermia;Ovarian carcinoma;Ovarian cyst;Ovarian dermoid cyst;Ovarian serous cystadenoma;Papillary thyroid carcinoma;Paranasal sinus neoplasm;Pigmented micronodular adrenocortical disease;Pituitary growth hormone cell adenoma;Precocious puberty;Schwannoma;Sertoli cell neoplasm;Spotty hyperpigmentation;Striae distensae;Stroke;Tall stature;Testicular adrenal rest tumor;Testicular neoplasm;Thromboembolism;Thyroid carcinoma;Tongue nodules";Excluded - multi-profile or complex-associated pair
647782;Isolated micronodular adrenocortical disease;0;228169;Autosomal dominant striatal neurodegeneration;7;2;1;1;1;1;PDE8B;O95263;31453;RHEA:25277;"a divalent metal cation;zn(2+)";"3',5'-cyclic amp degradation;amp from 3',5'-cyclic amp: step 1/1;purine metabolism";"HP:0001260;HP:0001288;HP:0002015;HP:0002063;HP:0002067;HP:0002075;HP:0100022";"Abnormality of movement;Bradykinesia;Dysarthria;Dysdiadochokinesis;Dysphagia;Gait disturbance;Rigidity";Excluded - multi-profile or complex-associated pair
69723;Tyrosinemia type 3;0;2118;Hawkinsinuria;9;1;1;1;1;1;HPD;P32754;1131127;RHEA:16189;fe cation;"acetoacetate and fumarate from l-phenylalanine: step 3/6;amino-acid degradation;l-phenylalanine degradation";"HP:0000821;HP:0001252;HP:0001508;HP:0001942;HP:0002213;HP:0003161;HP:0003607;HP:0008070;HP:0010917";"4-Hydroxyphenylacetic aciduria;4-Hydroxyphenylpyruvic aciduria;Abnormality of tyrosine metabolism;Failure to thrive;Fine hair;Hypothyroidism;Hypotonia;Metabolic acidosis;Sparse hair";Class 1 - single-profile shadow pair
708895;Tetrahydrobiopterin-unresponsive phenylketonuria;0;2209;Maternal phenylketonuria syndrome;32;1;1;1;1;1;PAH;P00439;114161;RHEA:20273;fe(2+);"acetoacetate and fumarate from l-phenylalanine: step 1/6;amino-acid degradation;l-phenylalanine degradation";"HP:0000218;HP:0000252;HP:0000286;HP:0000340;HP:0000343;HP:0000347;HP:0000431;HP:0000463;HP:0000486;HP:0000601;HP:0000752;HP:0001156;HP:0001249;HP:0001250;HP:0001263;HP:0001488;HP:0001511;HP:0001627;HP:0001629;HP:0001636;HP:0001680;HP:0001719;HP:0001999;HP:0002032;HP:0002079;HP:0002836;HP:0004383;HP:0004411;HP:0008589;HP:0009611;HP:0012210;HP:0030084";"Abnormal facial shape;Abnormal heart morphology;Abnormal renal morphology;Anteverted nares;Bifid distal phalanx of the thumb;Bilateral ptosis;Bladder exstrophy;Brachydactyly;Clinodactyly;Coarctation of aorta;Deviated nasal septum;Double outlet right ventricle;Epicanthus;Esophageal atresia;Global developmental delay;High palate;Hyperactivity;Hypoplasia of the corpus callosum;Hypoplastic helices;Hypoplastic left heart;Hypotelorism;Intellectual disability;Intrauterine growth retardation;Long philtrum;Microcephaly;Micrognathia;Seizure;Sloping forehead;Strabismus;Tetralogy of Fallot;Ventricular septal defect;Wide nasal bridge";Class 1 - single-profile shadow pair
90625;Rare X-linked non-syndromic sensorineural deafness type DFN;0;1187;Lethal ataxia with deafness and optic atrophy;30;1;1;1;1;1;PRPS1;P60891;2761;RHEA:15609;mg(2+);"5-phospho-alpha-d-ribose 1-diphosphate biosynthesis;5-phospho-alpha-d-ribose 1-diphosphate from d-ribose 5-phosphate (route i): step 1/1;metabolic intermediate biosynthesis";"HP:0000467;HP:0000505;HP:0000618;HP:0000639;HP:0000648;HP:0001251;HP:0001256;HP:0001270;HP:0001284;HP:0001324;HP:0002300;HP:0002342;HP:0002445;HP:0002719;HP:0002788;HP:0003431;HP:0003444;HP:0003537;HP:0004887;HP:0007258;HP:0007377;HP:0008311;HP:0008527;HP:0008936;HP:0009830;HP:0011185;HP:0011476;HP:0012389;HP:0030272;HP:0032169";"Abnormal erythrocyte enzyme activity;Abnormality of somatosensory evoked potentials;Appendicular hypotonia;Areflexia;Ataxia;Axial hypotonia;Blindness;Congenital sensorineural hearing impairment;Decreased motor nerve conduction velocity;EEG with focal epileptiform discharges;EMG: chronic denervation signs;Hypouricemia;Intellectual disability, mild;Intellectual disability, moderate;Motor delay;Muscle weakness;Mutism;Neck muscle weakness;Nystagmus;Optic atrophy;Peripheral neuropathy;Profound sensorineural hearing impairment;Recurrent infections;Recurrent upper respiratory tract infections;Respiratory failure requiring assisted ventilation;Severe demyelination of the white matter;Severe infection;Spinal cord posterior columns myelin loss;Tetraplegia;Visual impairment";Class 1 - single-profile shadow pair
90625;Rare X-linked non-syndromic sensorineural deafness type DFN;0;411536;Mild phosphoribosylpyrophosphate synthetase superactivity;15;1;1;1;1;1;PRPS1;P60891;2761;RHEA:15609;mg(2+);"5-phospho-alpha-d-ribose 1-diphosphate biosynthesis;5-phospho-alpha-d-ribose 1-diphosphate from d-ribose 5-phosphate (route i): step 1/1;metabolic intermediate biosynthesis";"HP:0000083;HP:0000407;HP:0000478;HP:0000707;HP:0000791;HP:0001249;HP:0001369;HP:0001919;HP:0001999;HP:0002149;HP:0003149;HP:0003240;HP:0009830;HP:0012626;HP:0020074";"Abnormal facial shape;Abnormality of the eye;Abnormality of the nervous system;Acute kidney injury;Arthritis;Crystalluria;Hyperuricemia;Hyperuricosuria;Increased phosphoribosylpyrophosphate synthetase activity;Intellectual disability;Peripheral neuropathy;Renal insufficiency;Sensorineural hearing impairment;Stage 4 chronic kidney disease;Uric acid nephrolithiasis";Class 1 - single-profile shadow pair
90625;Rare X-linked non-syndromic sensorineural deafness type DFN;0;411543;Severe phosphoribosylpyrophosphate synthetase superactivity;21;1;1;1;1;1;PRPS1;P60891;2761;RHEA:15609;mg(2+);"5-phospho-alpha-d-ribose 1-diphosphate biosynthesis;5-phospho-alpha-d-ribose 1-diphosphate from d-ribose 5-phosphate (route i): step 1/1;metabolic intermediate biosynthesis";"HP:0000083;HP:0000407;HP:0000501;HP:0000545;HP:0000707;HP:0000791;HP:0001249;HP:0001251;HP:0001252;HP:0001263;HP:0001369;HP:0001919;HP:0001997;HP:0002149;HP:0002205;HP:0003149;HP:0003240;HP:0007178;HP:0009830;HP:0012759;HP:0020074";"Abnormality of the nervous system;Acute kidney injury;Arthritis;Ataxia;Crystalluria;Glaucoma;Global developmental delay;Gout;Hyperuricemia;Hyperuricosuria;Hypotonia;Increased phosphoribosylpyrophosphate synthetase activity;Intellectual disability;Motor polyneuropathy;Myopia;Neurodevelopmental abnormality;Peripheral neuropathy;Recurrent respiratory infections;Renal insufficiency;Sensorineural hearing impairment;Uric acid nephrolithiasis";Class 1 - single-profile shadow pair
90625;Rare X-linked non-syndromic sensorineural deafness type DFN;0;423479;X-linked intellectual disability-limb spasticity-retinal dystrophy-arginine vasopressin deficiency;35;1;1;1;1;1;PRPS1;P60891;2761;RHEA:15609;mg(2+);"5-phospho-alpha-d-ribose 1-diphosphate biosynthesis;5-phospho-alpha-d-ribose 1-diphosphate from d-ribose 5-phosphate (route i): step 1/1;metabolic intermediate biosynthesis";"HP:0000268;HP:0000316;HP:0000369;HP:0000407;HP:0000430;HP:0000490;HP:0000543;HP:0000556;HP:0000577;HP:0000873;HP:0001116;HP:0001285;HP:0001511;HP:0001525;HP:0002069;HP:0002079;HP:0002169;HP:0002187;HP:0002509;HP:0003487;HP:0004322;HP:0004639;HP:0006579;HP:0006801;HP:0007965;HP:0008058;HP:0008936;HP:0010536;HP:0011471;HP:0011903;HP:0012448;HP:0012736;HP:0030211;HP:0030921;HP:0030927";"1-minute APGAR score of 0;5-minute APGAR score of 1;Aplasia/Hypoplasia of the optic nerve;Axial hypotonia;Babinski sign;Bilateral tonic-clonic seizure;Central sleep apnea;Clonus;Deeply set eye;Delayed myelination;Diabetes insipidus;Dolichocephaly;Elevated amniotic fluid alpha-fetoprotein;Exotropia;Gastrostomy tube feeding in infancy;HbH hemoglobin;Hyperactive deep tendon reflexes;Hypertelorism;Hypoplasia of the corpus callosum;Intellectual disability, profound;Intrauterine growth retardation;Limb hypertonia;Low-set ears;Macular coloboma;Optic disc pallor;Profound global developmental delay;Prolonged neonatal jaundice;Retinal dystrophy;Sensorineural hearing impairment;Severe failure to thrive;Short stature;Slow pupillary light response;Spastic tetraparesis;Underdeveloped nasal alae;Undetectable visual evoked potentials";Class 1 - single-profile shadow pair
90625;Rare X-linked non-syndromic sensorineural deafness type DFN;0;99014;X-linked Charcot-Marie-Tooth disease type 5;19;1;1;1;1;1;PRPS1;P60891;2761;RHEA:15609;mg(2+);"5-phospho-alpha-d-ribose 1-diphosphate biosynthesis;5-phospho-alpha-d-ribose 1-diphosphate from d-ribose 5-phosphate (route i): step 1/1;metabolic intermediate biosynthesis";"HP:0000365;HP:0000648;HP:0000763;HP:0001251;HP:0001260;HP:0001262;HP:0001284;HP:0001288;HP:0001324;HP:0001337;HP:0001761;HP:0002385;HP:0002463;HP:0002650;HP:0002808;HP:0003712;HP:0007328;HP:0009830;HP:0040129";"Abnormal nerve conduction velocity;Areflexia;Ataxia;Dysarthria;Excessive daytime somnolence;Gait disturbance;Hearing impairment;Impaired pain sensation;Kyphosis;Language impairment;Muscle weakness;Optic atrophy;Paraparesis;Peripheral neuropathy;Pes cavus;Scoliosis;Sensory neuropathy;Skeletal muscle hypertrophy;Tremor";Class 1 - single-profile shadow pair
90641;Rare mitochondrial non-syndromic sensorineural deafness;0;104;Leber hereditary optic neuropathy;20;1;1;1;1;1;MT-CO1;P00395;7119;RHEA:11436;heme;"energy metabolism;oxidative phosphorylation";"HP:0000512;HP:0000529;HP:0000551;HP:0000576;HP:0000603;HP:0000622;HP:0000648;HP:0000649;HP:0001251;HP:0002174;HP:0003198;HP:0004309;HP:0007763;HP:0007924;HP:0009830;HP:0011675;HP:0012841;HP:0020120;HP:0032036;HP:0200125";"Abnormal electroretinogram;Abnormality of visual evoked potentials;Arrhythmia;Ataxia;Blurred vision;Central scotoma;Centrocecal scotoma;Color vision defect;Mitochondrial respiratory chain defects;Myopathy;Optic atrophy;Peripheral neuropathy;Postural tremor;Progressive visual loss;Reduced contrast sensitivity;Retinal nerve fiber edema;Retinal telangiectasia;Retinal vascular tortuosity;Slow decrease in visual acuity;Ventricular preexcitation";Class 1 - single-profile shadow pair
90641;Rare mitochondrial non-syndromic sensorineural deafness;0;550;MELAS;87;1;1;1;1;1;MT-CO1;P00395;7119;RHEA:11436;heme;"energy metabolism;oxidative phosphorylation";"HP:0000044;HP:0000093;HP:0000097;HP:0000112;HP:0000114;HP:0000407;HP:0000572;HP:0000580;HP:0000590;HP:0000648;HP:0000709;HP:0000716;HP:0000726;HP:0000736;HP:0000739;HP:0000751;HP:0000819;HP:0000821;HP:0000829;HP:0000998;HP:0001045;HP:0001250;HP:0001251;HP:0001263;HP:0001269;HP:0001270;HP:0001274;HP:0001288;HP:0001298;HP:0001324;HP:0001328;HP:0001336;HP:0001345;HP:0001508;HP:0001638;HP:0001639;HP:0001644;HP:0001716;HP:0001903;HP:0001945;HP:0002013;HP:0002014;HP:0002019;HP:0002069;HP:0002076;HP:0002079;HP:0002092;HP:0002120;HP:0002135;HP:0002151;HP:0002331;HP:0002353;HP:0002354;HP:0002381;HP:0002401;HP:0002490;HP:0002579;HP:0002922;HP:0003128;HP:0003198;HP:0003200;HP:0003477;HP:0003546;HP:0004322;HP:0004372;HP:0004389;HP:0005157;HP:0005978;HP:0007067;HP:0007141;HP:0007159;HP:0007302;HP:0007327;HP:0007359;HP:0008316;HP:0009830;HP:0010783;HP:0010794;HP:0011442;HP:0012429;HP:0012444;HP:0012707;HP:0012766;HP:0025268;HP:0031546;HP:0100027;HP:0100651";"Abnormal mitochondria in muscle tissue;Abnormality of central motor function;Agenesis of corpus callosum;Anemia;Anxiety;Aphasia;Aplasia/Hypoplasia of the cerebral white matter;Ataxia;Basal ganglia calcification;Bilateral tonic-clonic seizure;Bipolar affective disorder;Brain atrophy;Cardiac conduction abnormality;Cardiomyopathy;Cerebral cortical atrophy;Concentric hypertrophic cardiomyopathy;Constipation;Dementia;Depression;Diabetes mellitus;Diarrhea;Dilated cardiomyopathy;Distal peripheral sensory neuropathy;EEG abnormality;Elevated brain lactate level by MRS;Encephalopathy;Erythema;Exercise intolerance;Failure to thrive;Fever;Fluctuations in consciousness;Focal segmental glomerulosclerosis;Focal-onset seizure;Gait disturbance;Gastrointestinal dysmotility;Global developmental delay;Hemiparesis;Hypertrichosis;Hypertrophic cardiomyopathy;Hypogonadotropic hypogonadism;Hypoparathyroidism;Hypoplasia of the corpus callosum;Hypothyroidism;Impaired visuospatial constructive cognition;Increased CSF lactate;Increased CSF protein concentration;Increased circulating lactate concentration;Intestinal pseudo-obstruction;Lactic acidosis;Memory impairment;Migraine;Mixed demyelinating and axonal polyneuropathy;Motor delay;Muscle weakness;Myoclonus;Myopathy;Nephropathy;Optic atrophy;Peripheral axonal neuropathy;Peripheral neuropathy;Personality changes;Pigmentary retinopathy;Progressive external ophthalmoplegia;Proteinuria;Proximal tubulopathy;Psychosis;Psychotic mentation;Pulmonary arterial hypertension;Ragged-red muscle fibers;Recurrent pancreatitis;Recurrent paroxysmal headache;Reduced consciousness/confusion;Seizure;Sensorimotor neuropathy;Sensorineural hearing impairment;Short attention span;Short stature;Specific learning disability;Stroke-like episode;Stuttering;Type I diabetes mellitus;Type II diabetes mellitus;Visual loss;Vitiligo;Vomiting;Widened cerebral subarachnoid space;Wolff-Parkinson-White syndrome";Class 1 - single-profile shadow pair
90641;Rare mitochondrial non-syndromic sensorineural deafness;0;99845;Genetic recurrent myoglobinuria;32;1;1;1;1;1;MT-CO1;P00395;7119;RHEA:11436;heme;"energy metabolism;oxidative phosphorylation";"HP:0000083;HP:0000467;HP:0001288;HP:0001315;HP:0001324;HP:0001919;HP:0001945;HP:0002153;HP:0002167;HP:0002901;HP:0002905;HP:0002910;HP:0003394;HP:0003554;HP:0003558;HP:0003652;HP:0003738;HP:0005216;HP:0005521;HP:0007340;HP:0008305;HP:0008997;HP:0010969;HP:0011675;HP:0012544;HP:0025435;HP:0030195;HP:0030234;HP:0040319;HP:0045037;HP:0100520;HP:0100614";"Abnormality of glycolipid metabolism;Abnormality of jaw muscles;Abnormality of speech or vocalization;Acute kidney injury;Arrhythmia;Dark urine;Disseminated intravascular coagulation;Elevated circulating aldolase concentration;Elevated circulating hepatic transaminase concentration;Exercise-induced myalgia;Exercise-induced myoglobinuria;Fatigable weakness of swallowing muscles;Fever;Gait disturbance;Highly elevated creatine kinase;Hyperkalemia;Hyperphosphatemia;Hypocalcemia;Impaired mastication;Increased circulating lactate dehydrogenase concentration;Lower limb muscle weakness;Muscle spasm;Muscle weakness;Myositis;Neck muscle weakness;Oliguria;Proximal muscle weakness in upper limbs;Recurrent myoglobinuria;Reduced tendon reflexes;Renal insufficiency;Type 2 muscle fiber atrophy;Viral infection-induced rhabdomyolysis";Class 1 - single-profile shadow pair
