metric,value
raw_rows,134209.0
raw_diseases,1276.0
rows_after_filter,10609.0
diseases_after_filter,117.0
complete_profile_rows,138.0
complete_profile_diseases,117.0
unannotated_diseases,32.0
annotated_diseases,85.0
matched_unannotated_diseases,10.0
unmatched_unannotated_diseases,22.0
candidate_associations,495.0
total_output_rows,517.0
unique_candidate_hpo_terms,401.0
mean_candidates_per_matched_disease,49.5
median_candidates_per_matched_disease,40.0
mean_annotated_matches_per_matched_disease,1.4
